,ID,address_used,error
0,14,Andhra Pradesh Bhainsa,list index out of range
1,17,Andhra Pradesh Bhongir,list index out of range
2,47,Andhra Pradesh Kamareddy,list index out of range
3,51,Andhra Pradesh Koratla,list index out of range
4,61,Andhra Pradesh Mandamarri,list index out of range
5,104,Arunachal Pradesh Kurung Kumey,list index out of range
6,294,Chhattisgarh Mahendragarh,list index out of range
7,423,Haryana Haibat(Yamuna Nagar),list index out of range
8,526,Karnataka Aalanavara,list index out of range
9,529,Karnataka Alandha,list index out of range
10,701,Madhya Pradesh Lundi,list index out of range
11,954,Orissa Madhyamgram,list index out of range
12,1085,Rajasthan Navalgund,list index out of range
13,1088,Rajasthan Nelamangala,list index out of range
14,1100,Rajasthan Prantij,list index out of range
