Sno,Party
1,Aadarshwaadi Congress Party
2,Aadarsh Janata Sewa Party
3,Aadarsh Janhit Party
4,Aadarsh Mithila Party
5,Aadijan Mukti Sena
6,Aadim Samaj Party
7,Aadivasi Sena Party
8,Aam Janata Party
9,Aam Janshakti Party
10,Aam Janta Party Rashtriya
11,Aama Odisha Party
12,Aapka Hamara Party
13,Aarakshan Virodhi Party
14,Aarthik Samanta Party
15,Aasra Lokmanch Party
16,Aazadi Ka Antim Aandolan Dal
17,A-Chik National Congress (Democratic)
18,Adarsh Jan Shakti Party
19,Adarsh Lok Dal
20,Adarsh Manavtawadi Party
21,Adarsh Political Party
22,Adarsh Rashtriya Vikas Party
23,Adarsh Samaj Party
24,Adarshwadi Dal
25,Adhunik Vikaswadi Party
26,Adim Bhartiya Dal
27,Adivasi Jan Kalyan Party
28,Advait Ishawasyam Congress
29,Agar Jan Party
30,Ahinsa Dal
31,Aihra National Party
32,Aims Party
33,Ajeya Bharat Party
34,Akahand Bharat Maha Sangh Sarvahara
,Krantikari Party
35,Akali Dal (1920)
36,Akhand Bharat Ekta Andolan
37,Akhand Bharat National Party
38,Akhand Bharat Samaj Party
39,Akhand Bharatheeya Aawaaz
40,Akhand Bharatiya Kavach Party
41,Akhand Bharti
42,Akhand Desham Party
43,Akhand Jharkhand People's Front
44,Akhil Bharat Hindu Mahasabha
45,Akhil Bharat Samagra Kranti Party
46,Akhil Bharatiya Aman Committee
47,Akhil Bharatiya Ashok Sena
48,Akhil Bharatiya Atyant Pichhara Sangharsh
,"Morcha Party,"
49,Akhil Bharatiya Azad Lokhit Congress Party
50,Akhil Bharatiya Azad Party
51,Akhil Bharatiya Bharat Mata – Putra Paksha
52,Akhil Bharatiya Bhrastachar Nirmoolan Sena
53,Akhil Bharatiya Congress Dal (Ambedkar)
54,Akhil Bharatiya Dalit Utthan Party
55,Akhil Bharatiya Dastkar Morcha
56,Akhil Bharatiya Desh Bhakt Morcha
57,Akhil Bharatiya Gareeb Party
58,Akhil Bharatiya Garib Mazdoor Kisan Party
59,Akhil Bharatiya General Labour Party
60,Akhil Bharatiya Gorkha League
61,Akhil Bharatiya Hind Kranti Party
62,Akhil Bharatiya Jan Sangh
63,Akhil Bharatiya Janata Congress
64,Akhil Bharatiya Kisan Mazdoor Morcha
65,Akhil Bharatiya Kranti Dal
66,Akhil Bharatiya Lok Tantrik Alp-Sankhyak Jan
,Morcha
67,Akhil Bharatiya Lokraj Party
68,Akhil Bharatiya Loktantra Party
69,Akhil Bharatiya Manav Adhikar Dal
70,Akhil Bharatiya Manav Seva Dal
71,Akhil Bharatiya Manavata Paksha
72,Akhil Bharatiya Muslim League (Secular)
73,Akhil Bharatiya Rajarya Sabha
74,Akhil Bharatiya Rajivwadi Congress (Dubey)
75,Akhil Bharatiya Ram Rajya Parishad (Prem
,Ballabh Vyas)
76,Akhil Bharatiya Rashtriya Azad Hind Party
77,Akhil Bharatiya Revolutionary Shoshit Samaj
,Dal
78,Akhil Bharatiya Samajwadi Congress
79,Akhil Bharatiya Sangharsh Dal
80,Akhil Bharatiya Sena
81,Akhil Bharatiya Shivsena Rashtrawadi
82,Akhil Bhartiya Janata Sahara Party
83,Akhil Bhartiya Aamjan Party
84,Akhil Bhartiya Gondwana Party
85,Akhil Bhartiya Janata Vikas Party
86,Akhil Bhartiya Janhit Party
87,Akhil Bhartiya Jharkhand Party
88,Akhil Bhartiya Lok Dal
89,Akhil Bhartiya Loktantrik Congress
90,Akhil Bhartiya Mithila Party
91,Akhil Bhartiya Nagrik Sewa Sangh
92,Akhil Bhartiya Naitik Party
93,Akhil Bhartiya Sudhar Party
94,Akhil Bhartiya Swarajya Dal
95,Akhil Bhartiya Vikas Congress Party
96,Akhil Hind Forward Bloc (Krantikari)
97,Akhil Jan Vikas Dal
98,Akhil Rashtrawadi Party
99,Akhila Bharatiya Rytha Party
100,Akhila India Jananayaka Makkal Katchi (Dr.
,Isaac)
101,Akhila Kerala Trinamool Party
102,Akhilandra Mahadesam
103,Akila India Vallalar Peravai
104,Al-Hind Party
105,Ali Sena
106,All India Ambedkar Makkal Munnetra
,Kazhagam
107,All India Athithanar Makal Katchi
108,All India Azaad Congress Party
109,All India Babu Jagjivan Ram Baba Saheb
,National Congress
110,All India Bahujan Samman Party
111,"All India BC,OBC Party"
112,All India Bharti Jug Party
113,All India Christian Democratic and Backward
,People’s Party
114,All India Dalit Welfare Congress
115,All India Forward Bloc (Subhasist)
116,All India Gareeb Congress
117,All India Homeless People Congress
118,All India Indira Congress (Secular)
119,All India Jan Samasyanivaran Party
120,All India Kissan Mazdoor Morcha
121,All India Krantikari Congress
122,All India Liberal Party
123,All India Lok Raj Party
124,All India Mahila Democratic Front (AIMDF)
125,All India Mahila Empowerment Party
126,All India Mahila Raj Party
127,All India Manchi Party
128,All India Mazdoor Party (Rangreta)
129,All India Minorities Front
130,All India Moovendar Munnani Kazhagam
131,All India Mukti Dal Party
132,All India Muttahida Qaumi Mahaz
133,All India Party for the Protection of Civil
,Rights
134,All India People’s Party
135,All India Peoples’ Front (Radical)
136,All India Pichhada Jan Samaj Party
137,All India Progressive Janata Dal
138,All India Rajiv Krantikari Congress
139,All India Raksha Party
140,All India Ravidas Samata Party
141,All India Sadguna Party
142,All India Samathuva Makhal Katchi
143,All India Shiromani Baba Jiwan Singh
,Mazhabi Dal
144,All India Singaravelar Munnetra Kazhagam
145,All India Stree Shakti
146,All India Tafsili United Party
147,"All India Tamil Makkal Munnetra Kazhagam,"
148,All India Tribes And Minorities Front
149,All India Ulama Congress
150,"All India Uzhavargal Uzhaippalargal Katchi,"
151,All India Women United Party
152,All Indians’ Gandhi Congress
153,All J & K Kisan Majdoor Party
154,All J & K Peoples Patriotic Front
155,All Jammu & Kashmir Liberal Democratic
,Party
156,All Jammu and Kashmir Republican Party
157,All Kerala M.G.R. Dravida Munnetra Party
158,All Party Hill Leaders Conference(Armison
,Marak Group)
159,All Peoples Party
160,Alpjan Samaj Party
161,Aman Samaj Party
162,Ambedkar Janatha Party
163,Ambedkar Kranti Dal
164,Ambedkar National Congress
165,Ambedkar National Makkal Katchi
166,Ambedkar Peoples Movement
167,Ambedkar Pragatisheel Republican Dal
168,Ambedkar Samaj Party
169,Ambedkarbadi Party
170,Ambedkarist Republican Party
171,Ambedkarite Party of India
172,Amra Bangalee
173,Anaithindhia MGR Katchi
174,Anaithindia Samudaya Munnetra Kazhagam
175,Anaithinthiya Thamizhaga Munnetra
,Kazhagam
176,Anaithu Makkal Munnetra Kazhagam
177,Anbu Udhayam Katchi
178,Andaman Nicobar Vikas Congress
179,Andhra Nadu Party
180,Andhra Paradesh Rashtra Samaikya Samithi
,Party
181,Andhra Pradesh Navodaya Praja Party
182,Andhra Rastra Praja Samithi
183,Anna Telugu Desam Party
184,Anndata Party
185,Antarrastriya Swarn Congress Party
186,Antashchetan
187,Anti Reservation Party of India
188,Apna Bharat
189,Apna Dal
190,Apna Dal United Party
191,Apna Desh Party
192,Appaamma Makkal Kazhakam
193,Arunachal Congress
194,Arya Dal
195,Arya Sabha
196,Aryavart Party
197,Asankhya Samaj Party
198,Asom Gana Parishad Pragatisheel
199,Ati Picchara Party
200,Ati Pichhda Varg Mahasangh
201,Ati Pichhra Jan Dal
202,Atulya Bharat Party
203,Autonomous State Demand Committee
204,Awami Aamjan Party
205,Awami Party
206,Awami Samta Party
207,Awami Socialist Party of India
208,Awami Vikas Party
209,Azad Hindustan Party
210,Azad Janata Party
211,Azad Mazdoor Kissan Party
212,"B.C. Bharatha Desam Party,"
213,B.C. United Front
214,Baaratha Samuthaya Munnetra Munnani
215,"Backward Classes Democratic Party, J&K"
,(BDP)
216,Badavara Shramikara Raitara Congress Party
217,Bahujan Ekta Party ( R )
218,Bahujan Kisan Dal
219,Bahujan Kranti Party (Marxwad-
,Ambedkarwad)
220,Bahujan Loktantrik Party
221,Bahujan Mahasangha Paksha
222,Bahujan Mukti Party
223,Bahujan Party
224,Bahujan Rayat Party
225,Bahujan Republican Ekta Manch
226,Bahujan Republican Party
227,Bahujan Sadan Morcha
228,Bahujan Samaj Mukti Morcha
229,Bahujan Samaj Party (Ambedkar)
230,Bahujan Samaj Party (Ambedkar-Phule)
231,Bahujan Samaj Vikas Party
232,Bahujan Samajwadi Party (Baba Saheb)
233,Bahujan Sangharsh Dal
234,Bahujan Sangharsh Party (Kanshiram)
235,Bahujan Shakti
236,Bahujan Suraksha Dal
237,Bahujan Uday Manch
238,Bahujan Vikas Aaghadi
239,Bajjikanchal Vikas Party
240,Bam Party
241,Banchita Swaraj Party
242,Barak Valley Territory Demand Committee
243,Begumpura Sanjha Front
244,Best Class Party
245,Bhaarat Mahashakti Party
246,Bhagidari Kranti Dal
247,Bharat Abhyudhaya Party
248,Bharat Bachao Party of India
249,Bharat Bhrashtachar Mitao Party
250,Bharat Dal
251,Bharat Desam Party
252,Bharat Deshbhakt Sangathan
253,Bharat Jan Party
254,Bharat Ka Kisan Majdoor Party
255,Bharat Kaumi Dal
256,Bharat Ki Lok Jimmedar Party
257,Bharat Kranti Rakshak Party
258,Bharat Labour Praja Party
259,Bharat Mangalam Parishad
260,Bharat Nav Jyoti Sangh
261,Bharat Nav Nirman Party
262,Bharat Navnirman Voter Sena
263,Bharat Nirman Party
264,Bharat Pensioner’s Front
265,Bharat Punarnirman Dal
266,Bharat Rakshak Party (Democratic)
267,Bharat Srijan
268,Bharat Uday Mission
269,Bharat Vikas Morcha
270,Bharat Vikas Party (Secular)
271,Bharat Vishal Party
272,Bharateeya Bahujana Praja Rajyam
273,Bharateeya Manavadhikar Party
274,Bharatha Makkal Congress
275,Bharatheeya Sadharma Samsthapana Party
276,Bharathiya Dravida Makkal Katchi
277,Bharathiya Jana Shabdth
278,Bharathiya Nethaji Party
279,Bharathiya Praja Shakti
280,Bharathiya Sahayog Congress
281,"Bharathiya Yuvatha, Samatha, Rashtriyatha"
,Congress Party
282,Bharatiya Ambedkar Party
283,Bharatiya Asht Jan Party
284,Bharatiya Awaj Party
285,Bharatiya Backward Party
286,Bharatiya Bahujan Congress
287,Bharatiya Bahujan Party
288,Bharatiya Berozgar Mazdoor Kisan Dal
289,Bharatiya Bouddhik Vichar Party
290,Bharatiya Chhatrasangh Bharat
291,Bharatiya Congress (M)
292,Bharatiya Congress Paksha
293,Bharatiya Democratic Dal
294,Bharatiya Dr. B.R. Ambedkar Janata Party
295,Bharatiya Eklavya Party
296,Bharatiya Ekta Dal
297,Bharatiya Gaon Taj Dal
298,Bharatiya Grameen Dal
299,Bharatiya Hindu Sena
300,Bharatiya Inqalab Party
301,Bharatiya Jagriti Dal
302,Bharatiya Jai Bheem Party
303,Bharatiya Jai Jawan Jai Kisan Party
304,Bharatiya Jan Berojgar Chhatra Dal
305,Bharatiya Jan Congress
306,Bharatiya Jan Jagriti Party
307,Bharatiya Jan Kisan Party
308,Bharatiya Jan Kranti Dal (Democratic)
309,Bharatiya Jan Sabha
310,Bharatiya Jan Samajwadi Party
311,Bharatiya Jan Sangharsh Morcha (Mahatma
,Gandhi)
312,Bharatiya Jan Shakti
313,Bharatiya Jan Vikas Party
314,Bharatiya Jankranti Party
315,Bharatiya Jantantrik Parishad
316,Bharatiya Janvadi Party
317,Bharatiya Jawala Shakti Paksha
318,Bharatiya Karyasth Sena
319,Bharatiya Kisan Kamgar Party
320,Bharatiya Kisan Parivartan Party
321,Bharatiya Kisan Sena Loktantrik
322,Bharatiya Krantikari Dal
323,Bharatiya Krantikari Kammand Party
324,Bharatiya Labour Party
325,Bharatiya Lok Kalyan Dal
326,Bharatiya Lok Nyay Party
327,Bharatiya Lok Vikas Party
328,Bharatiya Loktantrik Party (Gandhi-
,Lohiawadi)
329,Bharatiya Manav Raksha Dal
330,Bharatiya Manavata Vikas Party
331,Bharatiya Minorities Suraksha Mahasangh
332,Bharatiya Momin Front
333,Bharatiya Mool Niwasi Samaj Party
334,Bharatiya Muhabbat Party (All India)
335,Bharatiya Muslim Party (Siddiqui)
336,Bharatiya Nagrik Party
337,Bharatiya National Janata Dal
338,Bharatiya Nav Kranti Party
339,Bharatiya Navshakti Party
340,Bharatiya Navyuvak Chetna Party
341,Bharatiya Navyuvak Party
342,Bharatiya Parivartan Congress
343,Bharatiya Parivartan Morcha
344,Bharatiya Parivartan Party
345,Bharatiya Peoples Party
346,Bharatiya Pichhra Dal
347,Bharatiya Praja Paksha
348,Bharatiya Prajashakti Party
349,Bharatiya Prajatantra Party
350,Bharatiya Prajatantrik Shudh Gandhiwadi
,Krishak Dal
351,Bharatiya Purvanchal Party
352,Bharatiya Rajiv Congress
353,Bharatiya Rashtra Parishad
354,Bharatiya Rashtravadi Paksha
355,Bharatiya Rashtravadi Samanta Party
356,Bharatiya Rashtriya Bahujan Samaj Vikas
,Party
357,Bharatiya Rashtriya Janhit Party
358,Bharatiya Rashtriya Mahila Sarvodaya
,Congress
359,Bharatiya Rashtriya Mazdoor Dal
360,Bharatiya Rashtriya Morcha
361,Bharatiya Rashtriya Swadeshi Congress Paksh
362,Bharatiya Ravidas Party
363,Bharatiya Republican Paksha
364,Bharatiya Sadbhawana Samaj Party
365,Bharatiya Samaj Dal
366,Bharatiya Samaj Kalyan Party Bharat
367,Bharatiya Samajwadi Vikas Party
368,Bharatiya Samata Party
369,Bharatiya Sampuran Krantikari Party
370,Bharatiya Samta Samaj Party
371,Bharatiya Sant Mat Party
372,Bharatiya Sarvkalayan Kranti Dal
373,Bharatiya Sarvodaya Kranti Party
374,Bharatiya Satya Vijayee Party
375,Bharatiya Satyarth Sangathan
376,Bharatiya Seva Dal
377,Bharatiya Shakti Sena
378,Bharatiya Shramik Dal
379,Bharatiya Subhash Sena
380,Bharatiya Suraaj Dal
381,Bharatiya Surajya Manch
382,Bharatiya Swatantra Party
383,Bharatiya Uttam Sena
384,Bharatiya Yuva Shakti
385,Bharatrashtra Democratic Party
386,Bharipa Bahujan Mahasangha
387,Bharteey Samajvadi Morcha
388,Bharti Jan Suraksha Party
389,Bharti Krishak Seva Samaj
390,Bharti Lok Lehar Party
391,Bharti Samudaya Party
392,Bharti Sarvadarshi Parishad
393,Bhartiya Arya Kranti Manch
394,Bhartiya Awam Party (Rastriya)
395,Bhartiya Chaitanya Party
396,Bhartiya Dalit Congress
397,Bhartiya Deshbhakt Party
398,Bhartiya Deshbhakt Sangh(Brajesh)
399,Bhartiya Ekta Manch Party
400,Bhartiya Gantantra Party
401,Bhartiya Gorkha Janashakti
402,Bhartiya Gram Nagar Vikas Party
403,Bhartiya Gramvasi Party
404,Bhartiya Harit Kranti Dal
405,Bhartiya Harit Party
406,Bhartiya Hind Ekta Dal
407,Bhartiya Jagaran Party
408,Bhartiya Jan Hit Vikas Party
409,Bhartiya Jan Hitkari Party
410,Bhartiya Jan Kalyan Party
411,Bhartiya Jan Manch
412,Bhartiya Jan Nayak Party
413,Bhartiya Jan Sahyog Samanvaya Party
414,Bhartiya Jan Sanmati Party
415,Bhartiya Jan Seva Party
416,Bhartiya Jan Yug Party
417,Bhartiya Jana Congress (Rashtriya)
418,Bhartiya Janhit Dal
419,Bhartiya Janta Dal
420,Bhartiya Janta Dal (Integrated)
421,Bhartiya Janta Ki Ekta Party
422,Bhartiya Jantantrik Janata Dal
423,Bhartiya Kisan Mazdoor Party
424,Bhartiya Krishak Dal
425,Bhartiya Mahashakti Morcha
426,Bhartiya Mazdoor Kisan Congress Party
427,"Bhartiya Naujawan Inklav Party,"
428,Bhartiya Navjawan Sena (Paksha)
429,Bhartiya Nojawan Dal
430,Bhartiya Party
431,Bhartiya Pragatisheel Congress
432,Bhartiya Praja Jan Party
433,Bhartiya Prajatantra Nirman Party
434,Bhartiya Public Labour Party
435,Bhartiya Rajnitik Vikalp Party
436,Bhartiya Rakshak Party
437,Bhartiya Rashtriya Jansatta
438,Bhartiya Republican Party (Insan)
439,Bhartiya Samajik Kranti Dal
440,Bhartiya Samajik Nyay Morcha
441,Bhartiya Samajik Nyay Party
442,Bhartiya Samajik Party
443,Bhartiya Santaji Party
444,Bhartiya Sanvaidhanik Janhit Party
445,Bhartiya Sarvjan Hitey Samaj Party
446,"Bhartiya Sarvjan Party,"
447,Bhartiya Sarvodaya Party
448,Bhartiya Sarvsamaj Party
449,Bhartiya Satya Sangharsh Party
450,Bhartiya Shakti Chetna Party
451,Bhartiya Shakti Dal
452,Bhartiya Shanti Kranti Party
453,Bhartiya Shramik Dal Socialist
454,Bhartiya Shramik Party
455,Bhartiya Swarn Samta Party
456,Bhartiya Vanchitsamaj Party
457,Bhartiya Vikas Party
458,Bhartiya Vistarwadi Party
459,Bhomi Jotak Samooh
460,Bhrashtachar Mukti Morcha
461,Bhrashtachar Virodhi Dal
462,Bihar Janta Party
463,Bihar People’s Party
464,Bihar Vikas Party
465,Biju Swabhiman Dal
466,Bira Oriya Party
467,Bolshevik Party Of India
468,Braj Vikas Party
469,Brihattar Bharat Prajatantra Sewa Party
470,Brij Kranti Dal
471,Brij Pradesh Nirman Sangh
472,Buddhiviveki Vikas Party
473,Bundelkhand Akikrit Party
474,Bundelkhand Congress
475,Bundelkhand Mukti Morcha
476,Bundelkhand Vikas Dal
477,Champaran Vikas Party
478,Chandigarh Vikas Party
479,Chhattisgarh Kisan Mazdoor Party
480,Chhattisgarh Mukti Morcha
481,Chhattisgarh Navnirman Sena
482,Chhattisgarh Samajwadi Party
483,Chhattisgarh Sanyukt Jatiye Party
484,Chhattisgarh Swabhiman Manch
485,Chhattisgarh Vikas Ganga Rashtriya Party
486,Chhattisgarh Vikas Party
487,Chhattisgarhi Samaj Party
488,Chhattisgarhiya Party
489,Children First Party of India
490,Christhava Makkal Katchi
491,Christian Democratic Front
492,Christian Mannetra Kazhagam
493,Communist Marxist Party Kerala State
,Committee
494,Communist Party of India (Marxist-Leninist)
,(Liberation).
495,Communist Party of India (Marxist-Leninist)
,Red Star
496,Congress (Secular)
497,Congress Jananayaka Peravai
498,Congress of People
499,Congunadu Makkal Katchi
500,Corruption Abolition Party
501,Dalit Kranti Dal
502,Dalit Mazdoor Kishan Party
503,Dalit Muslim Vikas Party
504,Dalit Samaj Party
505,"Dalit Vikas Party(Bharat),"
506,Dalita Bahujana Party
507,Dalitha Praja Party
508,Delhi Janta Party
509,Delhi Parivartan Party
510,Delhi Vikas Party
511,Democratic Bahujan Samaj Morcha
512,Democratic Bharatiya Samaj Party
513,Democratic Congress Party
514,Democratic Corruption Liberation Front
515,Democratic Dal of Haryana
516,Democratic Forward Bloc
517,Democratic Insaf Party
518,Democratic Janta Dal (J & K)
519,Democratic Jharkhand Mukti Morcha
520,Democratic Movement
521,Democratic Party of India
522,Democratic Prajakranthi Party Secularist
523,Democratic Secular Party
524,Democratic Socialist Party (Prabodh Chandra)
525,Democratic Socialist Party of India
526,Desa Makkal Munnetrak Kazhagam
527,Deseeya Praja Socialist Party
528,Desh Bachao Jan Morcha
529,Desh Bhakt Party
530,Desh Shakti Party
531,Deshbhakt Nirman Party
532,Deshi Kisan Party
533,Desia Pathukappu Kazhagam
534,Desiya Forward Bloc
535,Dev Sena Party
536,Dharam Nirpeksh Dal
537,Dharamarajya Paksha
538,Dhiravida Thelugar Munnetra Kalagam
539,Divya Shakti Party
540,Do Jama Panch Mudde Jan Party
541,Dr. Ambedkar People Revolution Movement
542,Dr. Ambedkar People's Party
543,Dr. Ambedkar Samajvadi Democratic Party
544,Dr. Bhimrao Ambedkar Dal
545,Dravida Makkal Congress
546,Dravida Peravai
547,Duggar Pradesh Party
548,Eklavya Samaj Party
549,Ekta Kranti Dal U.P.
550,Ekta Samaj Party
551,Ekta Shakti
552,Elatchia Dhiravida Munnetra Kazhagam
553,Ephraim Union
554,Ex-Sainik Kissan Party
555,Ezhuchi Tamilargal Munnetra Kazhagam
556,Farmers Developments Party
557,Federal Congress of India
558,Federal Democratic Party
559,Federation Of Sabhas
560,Forum For Presidential Democracy
561,Forward Bloc (Socialist)
562,Freethought Party of India
563,Front of Revolutionished Creative
,Efforts
564,Gadar Party
565,Gandhi Ekta Party
566,Gandhiwadi Rashtriya Congress
567,Gandhiyan Peoples Party
568,Gareeb Aadmi Party
569,Gareeb Samana Party
570,Gareebjan Samaj Party
571,Garib Ekta Party
572,Garib Janata Party
573,Garib Raj Party
574,Garib Samaj Party (Shoshit)
575,Garib Vikas Party
576,Garo National Council
577,Goa People's Congress
578,Goa Pokx
579,Goa Praja Party
580,Goa Rajiv Congress Party
581,Goa Su-raj Party
582,Goa Vikas Party
583,Goemcarancho Otrec Asro
584,Golden India Party
585,Gommant Lok Pokx
586,Gondvana Gantantra Party
587,Gondwana Congress Party
588,Gondwana Mukti Sena
589,Gorakha National Liberation Front
590,Gorkha Democratic Front
591,Gorkha Janmukti Morcha
592,Gorkha Rashtriya Congress
593,Grama Munnetra Kazhagam
594,Gramanchal Party
595,Great India Party
596,Gujarat Adijati Vikash Paksh
597,Gujarat Parivartan Party
598,Gujarat State Janta Congress
599,Gujarat Yuva Vikas Party
600,Gurgaon Residents Party
601,Guru Chand Mukti Morcha
602,Hamara Dal
603,Hamari Apni Party
604,Harit Pradesh Party
605,Haryana Gareeb Pichhra Yuva Sangathan Party
606,Haryana Insaaf Congress
607,Haryana Jan Chetna Party (V)
608,Haryana Janrakshak Dal
609,Haryana Janta Party
610,Haryana Kranti Dal
611,Haryana Lok Dal
612,Haryana Lokhit Party
613,Haryana Navnirman Sena
614,Haryana Samajik Nyay Party
615,Haryana Sarvajan Party
616,Haryana Swatantra Party
617,Himachal Kranti Party
618,Himachal Lokhit Party
619,Himachal Pradesh State Akali Dal
620,Hind Congress Party
621,Hind Ekta Mission
622,Hind Jan Congress
623,Hind Kisan Mazdoor Party
624,Hind Morcha
625,Hind Raksha Sena
626,Hind Rashtriya Ekta Party
627,Hind Samdarshi Party
628,Hind Swarajya Ganatantra Party
629,Hind Vikas Party
630,Hindu Ekta Andolan Party
631,Hindu Samaj Party
632,Hindustan Action Party
633,Hindustan Ekta Party
634,Hindustan Janmorcha
635,Hindustan Janta Party
636,Hindustan Kranti Dal
637,Hindustan Krantikari Dal
638,Hindustan National Party
639,Hindustan Party
640,Hindustan Peoples Party (Rajpal)
641,Hindustan Shakti Sena
642,Hindustan Swaraj Congress Party
643,Hindustan Vikas Dal
644,Hindustani Awaam Party
645,Hindustani Gareebwadi Party
646,Hindustani Swaraj Party
647,Hindusthan Nirman Dal
648,Hindusthan Praja Paksha
649,Hindusthan Suraksha Party
650,Hmar Peoples Convention
651,Holy Blessing People’s Party
652,Hum Kisan Party
653,Hum Sabki Party
654,Ikkiya Makkal Munnetra Kazhagam
655,Independent Indian Congress
656,Independent People's Party
657,Indhia Kudiarasu Katchi
658,India Dravida Makkal Munnetra Katchi
659,India Makkal Munnetra Katchi
660,Indian Bahujan Samajwadi Party
661,Indian Bahujan Sandesh Party (Kanshiram)
662,Indian Christian Front
663,Indian Christian Secular Party
664,Indian Citizens’ Party
665,Indian Democratic Party
666,Indian Democratic Republican Front
667,Indian Ekta Party
668,Indian Federal Democratic Party
669,Indian Gandhiyan Party
670,Indian Justice Party
671,Indian Krantikari Lehar
672,Indian Labour Party (Ambedkar Phule)
673,Indian Liberation Front
674,Indian Makkal Kalvi Munnetra Kazhagam
675,Indian Minorities Political Party
676,Indian National Green Party
677,Indian National Labour Party
678,Indian National League
679,Indian Oceanic Party
680,Indian Peace Party
681,Indian People’s Conference Party
682,Indian People’s Congress
683,Indian People's Forward Bloc
684,Indian Peoples Green Party
685,Indian Public Party
686,Indian Republican Front
687,Indian Savarn Samaj Party
688,Indian Secular Congress
689,Indian Unity Centre
690,Indian Voters Welfare Party
691,Indian Youth Party
692,Indians Front
693,Indians Victory Party
694,Indigenous Nationalist Party of Twipra
695,Indigenous People’s Front of Tripura
696,Indiya Jananayaka Katchi
697,Inqalab Party of India
698,"Inqalab Vikas Dal,"
699,Inqlabi Party
700,Islam Party Hind
701,Istatantra Parisad
702,Ittehad-E-Millait Council
703,J & K Citizen’s Party
704,Jaago Bharat Front
705,Jaganmay Nari Sangathan
706,Jaghat Telugu Munnetra Kazhggam
707,Jago Party
708,Jagrat Bharat Party
709,Jagte Raho Party
710,Jai Andhra Party
711,Jai Bharat Party
712,Jai Bharat Samanta Party
713,Jai Chhattisgarh Party
714,Jai Hind Party
715,Jai Hind Samaj Party
716,Jai Janata Janardan Party
717,Jai Janseva Party
718,Jai Jawan Jai Kisan Mazdoor Congess
719,Jai Jawan Jai Kisan Party
720,Jai Maha Bharath Party
721,Jai Manavta Party
722,Jai Prakash Janata Dal
723,Jai Samaikya Andhra Party
724,Jai Samaj Bharatiya Samaj Party
725,Jai Telangana Party
726,Jai Vijaya Bharathi Party
727,Jamat -E- Seratul Mustakim
728,Jammu & Kashmir Awami National
,Conference
729,Jammu & Kashmir National United Front
730,Jammu & Kashmir People Conference
731,Jammu & Kashmir Pir Panjal Awami Party
732,"Jammu & Kashmir Save Srinagar Front,"
733,Jammu and Kashmir Awami League
734,Jammu and Kashmir Democratic Party
,Nationalist
735,Jammu And Kashmir National Democratic
,Front
736,Jammu and Kashmir People Democratic Front
,(Secular)
737,Jammu Kashmir People's Party (Secular)
738,Jammu State Morcha (Progressive)
739,Jan Adesh Akshuni Sena
740,Jan Adhikar Manch
741,Jan Bhavana Party
742,Jan Chetna Party
743,Jan Ekta Dal
744,Jan Ekta Party
745,Jan Kranti Morcha
746,Jan Kranti Swatantrata Party
747,Jan Lok Kalyan Party
748,Jan Lokmat Party
749,Jan Morcha
750,Jan Raajya Party
751,Jan Raksha Party
752,Jan Samanta Party
753,Jan Samarthan Dal
754,Jan Sangh Party
755,Jan Sangharsh Virat Party
756,Jan Sangram Party
757,Jan Seva Sahayak Party
758,Jan Sevak Party
759,Jan Sewa Party
760,Jan Shakti Dal
761,Jan Shakti Ekta Party
762,Jan Shanti Sangathan
763,Jan Surajya Shakti
764,Jana Hitha Paksha
765,Jana Hitkari Party
766,Jana Priya
767,Jana Swarajya Party
768,Jana Unnayan Mancha
769,Janadesh Party
770,Janadhipathya Samrakshana Samithi
771,Jananayaha Munnetra Kazhagam
772,Jananishta
773,Janasena Party
774,Janata Congress Party of Bharat Varsha
775,Janata Party
776,Janata Uday Party
777,Janata Vikas Manch
778,Janata Vikas Party
779,Janhit Dal
780,Janhit Kisan Party
781,Janhit Samaj Party
782,"Janlok Rashtriya Party,"
783,Janmangal Paksh
784,Janmat Vikas Paksha
785,Jan–Nyay Dal
786,Janral Samaj Party
787,Jansatta Party
788,Jansevak Samaj Party
789,Janshoshit Samaj Party
790,Janta Dal Rashtravadi
791,Janta Raj Party
792,Janta Sena Rajasthan
793,Jantantra Party
794,Janvadi Party (Socialist)
795,Jathiya Telugu Abhivrudhi Seva Samuham
796,Jawan Kisan Morcha
797,Jebamani Janata
798,Jharkhand Anushilan Party
799,Jharkhand Disom Party
800,Jharkhand Jan Kranti Morcha
801,Jharkhand Jan Morcha
802,Jharkhand Janadhikar Manch
803,Jharkhand Janadhikar Party
804,Jharkhand Ki Krantikari Party
805,Jharkhand Mukti Morcha (Ulgulan)
806,Jharkhand Party
807,Jharkhand Party (Naren)
808,Jharkhand People’s Party
809,Jharkhand Vananchal Congress
810,Jharkhand Vikas Dal
811,Jwala Dal
812,Kaivinayger Munnetra Kazhagam
813,Kalinga Sena
814,Kalyankari Jantantrik Party
815,Kamarajar Adithanar Kazhakam
816,Kamarajar Deseeya Congress
817,Kamgar Samaj Dal
818,Kamtapur Progressive Party
819,Kanchee Aringer Anna Dravida Makkal
,Kazhagam
820,Kannada Chalavali Vatal Paksha
821,Kannada Naadu Party
822,Kannada Paksha
823,Karma Party
824,Karnataka Kranthi Dal
825,Karnataka Makkala Paksha
826,Karnataka Rajya Ryota Sangha
827,Karnataka Swarajya Party
828,Karnataka Thamizhar Munnetra Kazhagam
829,Karunaadu Party
830,Kerala Congress
831,Kerala Congress (B)
832,Kerala Congress (Jacob)
833,Kerala Congress Secular
834,Kerala Janapaksham
835,Kerala Revolutionary Socialist Party (Baby
,John)
836,Khandesh Vikas Congress Party
837,Khasi Farmers Democratic Party
838,Khun Hynnieutrip National Awakening
,Movement
839,Kisan Garib Nagrik Party
840,Kisan Kranti Dal
841,Kisan Majdoor Berojgar Sangh
842,Kisan Majdoor Praja Party
843,Kisan Mazdoor Bahujan Party
844,Kisan Naujawan Party
845,Kisan Samaj Morcha
846,Kisan Samaj Party (S)
847,Kisan Sena
848,Kisan Shakti Jantantrik Party
849,Kisan Vikas Party
850,Kisan Vyawasayee Mazdoor Party
851,Kishore Raj Party
852,Kongu Nadu Munnetra Kazhagam
853,Kongunadu Jananayaga Katchi
854,Kongunadu Makkal Desia Katchi
855,Kosal Kranti Dal
856,Kosal Party
857,Koshal Mukti Morcha
858,Kosi Vikas Party
859,Kranti Dal
860,Kranti Kari Jai Hind Sena
861,Kranti Parishad
862,Krantikari Berozgar Party
863,Krantikari Kisan Sena
864,Krantikari Manuwadi Morcha
865,Krantikari Samajwadi Party Lohia
866,Krantikari Samyavadi Party
867,Krantikari Vikas Dal
868,Krantisena Maharashtra
869,Kuki National Assembly
870,Labour And Job Seeker’s Party Of India
871,Labour Party (Secular)
872,Labour Party Of India(V.V. Prasad)
873,Labour Samaj Party
874,Labour Vikas Party
875,Laghujan Samaj Vikas Party
876,Lairam People Party
877,Lakshya Ghar Ganatantrik Party
878,Lal Morcha
879,Lattin Congress
880,Lenin Communist Party
881,Life Peaceful Party
882,Lok Awaz Dal
883,Lok Bhalai Party
884,Lok Bharati
885,Lok Dal
886,Lok Ekta Party
887,Lok Hit Party
888,Lok Jan Vikas Morcha
889,Lok Janhit Party
890,Lok Manavadhikar Party
891,Lok Paritran
892,Lok Parivartan Party (DC)
893,Lok Rajya Party
894,Lok Raksha Party
895,Lok Satta Party
896,Lok Sewa Dal
897,Lok Shakti
898,Lok Vikas Party
899,Loknayak Party
900,Loko Sanmilon
901,Lokpriya Samaj Party
902,Loksangram
903,Loksena
904,Lokshasan Andolan Party
905,Lokshasan Party of India
906,Loktantra Congress Party
907,Loktantrik Chetna Party
908,Loktantrik Jan Samta Party
909,Loktantrik Janata Party (Secular)
910,Loktantrik Manavatavadi Party
911,Loktantrik Morcha Himachal Pradesh
912,Loktantrik Rashtravadi Party
913,Loktantrik Samajwadi Party
914,Loktantrik Samata Dal
915,Loktantrik Sarkar Party
916,Loktantrik Sarvjan Samaj Party
917,Loktrantrik Janata Front
918,M.G.R. Kazhagam
919,M.G.R. Mannetra Kazhagam
920,Maa Telangana Party
921,Maanila Konghu Peravai
922,Maatra Bhoomi Raksha Dal
923,Madhya Pradesh Kisan Mazdoor Adivasi
,Kranti Dal
924,Madhya Pradesh Loktantrik Party
925,Madhya Pradesh Nav Nirman Sena
926,Maha Loktantra Party
927,Mahabharath Mahajan Sabha
928,Mahagujarat Janta Party
929,Mahajana Mandali Party
930,Mahajana Socialist Party
931,Mahakaushal Vikas Party
932,Mahamukti Dal
933,Mahan Dal
934,Mahanayak Sardar Patel Sangh
935,Mahanwadi Party
936,Maharana Kranti Party
937,Maharashtra Parivartan Sena (T)
938,Maharashtra Pradesh Krantikari Party
939,Maharashtra Rajiv Congress
940,Maharashtra Secular Front
941,Maharashtra Vikas Aghadi
942,Maharashtra Vikas Congress
943,Mahashakti Inqualab Party
944,Mahila Adhikar Party
945,Mahila Pradhana Paksha
946,Mahila Swabhiman Party
947,Mai Hee Bharat
948,Maidani Kranti Dal
949,Majdoor Kisan Akali Dal
950,Majdoor Kisan Union Party
951,Majlis Bachao Tahreek
952,Majlis Markaz-e-Siyasee Party
953,Makkal Congress Vazhapadiyar
954,Makkal Desiya Jananayaka Katchi
955,Makkal Desiya Katchi
956,Makkal Manadu Katchi
957,Makkal Marumalarchi Munnetra Kazhagam
958,Makkal Nalaurimaik Kazhagam (People’s
,Liberal Party)
959,Makkal Sakthi Katchi
960,Makkal Tamil Desam
961,Makkal Vilipunarvu Eyakkam
962,Mana Party
963,Manav Adhikar Raksha Party
964,Manav Ekta Party
965,Manav Jagriti Manch
966,Manav Kalyan Manch
967,Manav Kalyan Sangh Dal
968,Manav Mukti Morcha
969,Manav Samaj Party
970,Manav Sewa Party
971,Manava Party
972,Manavadhikar Janshakti Party
973,Manavtawadi Kranti Dal
974,Manavtawadi Samaj Party
975,Manipur Democratic People`s Front
976,Manipur People’s Party
977,Manipur People’s Party (Democratic)
978,Manitha Urimaigal Kalaagam
979,Manithaneya Makkal Katchi
980,Manuvadi Party
981,Manvadhikar National Party
982,Maraland Democratic Front
983,Marumalarchi Dravida Munnetra Kazhagam
984,Marumalarchi Thamizhakam
985,Marxist Communist Party of India (United)
986,Marxist Co-ordination
987,Marxwadi Janata Party
988,Maryadi Dal
989,Matra Bhakta Party
990,Matra Bhoomi Vikas Party
991,Megh Desham Party
992,Meghalaya Democratic Party
993,Mera Gaon Mera Desh Party
994,Meydhaa Party
995,MGR Thonderkal Katchi
996,Ministerial System Abolition Party
997,Minorities Democratic Party
998,Mithilanchal Vikas Morcha
999,Mithilanchal Mukti Morcha
1000,Mizoram Congress Party
1001,Moderate Party
1002,Momin Conference
1003,Mool Bharati (S) Party
1004,Moolniwasi Samaj Party
1005,Moovendar Munnetra Kazhagam
1006,Most Backward Classes of India
1007,Moulik Adhikar Party
1008,Mudiraj Rashtriya Samithi
1009,Mukt Bharat
1010,Musalsal Iman Samaj Party
1011,Muslim Majlis Uttar Pradesh
1012,Naam Tamilar Katchi
1013,Naari Shakti Party
1014,Nag Vidarbha Andolan Samiti
1015,Naga National Party
1016,Nagaland Democratic Party
1017,Nagrik Chetna Party
1018,Nagrik Ekta Dal
1019,Nagrik Ekta Party
1020,Naitik Party
1021,"Naki Bharatiya Ekta Party,"
1022,Namadhu Dravida Iyakkam
1023,Namadhu Makkal Katchi
1024,Narayani Sena
1025,National Aman Party
1026,National Apni Party
1027,"National Backward (Mool), Dalit,"
,"Minorities Kranti Dal,"
1028,National Black Panther Party
1029,National Citizens Party
1030,National Confederacy of India
1031,National Congress Of Youth
1032,National Democratic Party
1033,National Democratic Peoples Front
1034,National Development Party
1035,National Federal Party
1036,National Future Party
1037,National Janhit Congress (AB)
1038,National Jankranti Dal
1039,National Jansatta Party
1040,National Janta Party (Indian)
1041,National Lokhind Party
1042,National Lokmat Party
1043,National Loktantrik Party
1044,National Minorities Party
1045,National Organisation Congress
1046,National Party
1047,National Peace Party Secular
1048,National Progressive Party
1049,National Republican Party
1050,National Sarvasamaj Party
1051,National Secular Conference
1052,National Secular Party
1053,National Students Party
1054,National Target Party
1055,National Tiger Party
1056,National Unionist Zamindara Party
1057,National Vikas Party (India)
1058,National Welfare Party
1059,National World Life Panchatatva Party
1060,National Youth Party
1061,Nationalist Charity Congress
1062,Nationalist Party of India
1063,Nationalist People’s Front
1064,Nationalistic Telangana Rashtra Samithi
1065,Native People’s Party
1066,Nav Bharat Democratic Party
1067,Nav Jankranti Party
1068,Nav Maharashtra Vikas Party
1069,Nav Samaj Dal
1070,Nav Yuvak Dal
1071,Nava Bharat National Party
1072,Nava Nirmana Nagarika Samithi
1073,Nava Telangana Party
1074,Navataram Party
1075,Navbahujan Samajparivartan Party
1076,Navbharat Nirman Party
1077,Navin Bharat Nirman Manch
1078,Navjawan Sangharsh Morcha
1079,Navodyam Party
1080,Navyug Party
1081,Naya Daur Party
1082,Nehru Janhit Congress
1083,Nelopa (United)
1084,Nesavaalar Munnetra Kattchi
1085,Netaji Congress Sena
1086,Netaji Subhash Chander Bose Rashtriya Azad
,"Party,"
1087,Netaji Subhash Party
1088,New All India Congress Party
1089,New Democratic Party
1090,New Democratic Party of India
1091,New India National Movement
1092,New India Party
1093,New Life People’s Party
1094,New Socialist Movement
1095,News Congress
1096,Nidaya Malik (N) Party
1097,Nirdhan Samaj Party of India
1098,Nirjatita Samaj Biplabi Party
1099,Nirmal India Party
1100,Nissabada Bhooripaksham
1101,Niswarth Sewa Party
1102,Noorie Party
1103,North East Social Democratic Party
1104,NTR Telugu Desam Party (Lakshmi Parvathi)
1105,Nyaynishth Prajatantra
1106,Odisha Jan Morcha
1107,Ojaswi Party
1108,Orissa Communist Party
1109,Orissa Congress
1110,Orissa Gana Parishad
1111,Orissa Mukti Morcha
1112,Orissa Socialist Party
1113,Pachai Kudi Makkal Katchi
1114,Pahachan Mangalkari Party
1115,Panchal Morcha
1116,Panchayat Raj Party
1117,Panthers Republican Party
1118,Param Digvijay Dal
1119,Parcham Party of India
1120,Parivartan Samaj Party
1121,Party for Democratic Socialism
1122,Party Kisan Mazdoor Vyapari
1123,Parvatiya Punrutthaan Parishad
1124,Paschim Banga Rajya Muslim League
1125,Paschimanchal Vikas Party
1126,Paschimbanga Ganatantrik Mancha
1127,Paschimi Prajatantra Morcha
1128,Paschimi Uttar Pradesh Swaraja Party
1129,Patriot
1130,Patriotic Party of India
1131,Pavitra Hindustan Kaazhagam
1132,Peace Party
1133,Peasants And Workers Party of India
1134,Pedala Party
1135,Pedarikam Nirumulana Party
1136,People’s Democratic Front
1137,People’s Justice Party
1138,People’s Party of India (Secular)
1139,People’s Party of Punjab
1140,People's Democratic Conference of India
1141,People's Democratic Forum
1142,Peoples Democratic League of India
1143,People's Democratic Movement
1144,Peoples Democratic Party
1145,Peoples Green Party
1146,Peoples Guardian
1147,Peoples Movement of India
1148,Peoples Power Party
1149,Peoples Republican Party
1150,Perunthalaivar Makkal Katchi
1151,Phule Bharti Lok Party
1152,Pichhra Samaj Party
1153,Plains Tribals Council of Assam
1154,Political Essential & Accurate Council of
,Experts Party
1155,Political Party of National Management
,Service
1156,Pondicherry Mannila Makkal Munnani
1157,Poorvanchal Rashtriya Congress
1158,Prabuddha Bharat Party
1159,Prabuddha Republican Party
1160,Pragatisheel Magahi Samaj
1161,Pragatisheel Manav Samaj Party
1162,Pragatisheel Party
1163,Pragatisheel Samaj Party
1164,Praja Bharath Party
1165,Praja Chaithanya Party
1166,Praja Party
1167,Praja Raj Party
1168,Praja Satta Party
1169,Praja Shanthi Party
1170,Prajasattak Bharat Paksha
1171,Prajashakti Party Samdarshi
1172,Prajatantra Aadhar Party
1173,Prajatantra Congress Party
1174,Prajatantrik Bahujan Shakti Dal
1175,Prajatantrik Lok Ekta Dal
1176,Prajatantrik Samadhan Party
1177,Prajatantrik Samajvadi Party
1178,Prem Janata Dal
1179,PRISM
1180,Prithak Bastar Rajya Party
1181,Progressive Democratic Party
1182,Progressive Party
1183,Progressive People’s Party
1184,"Proutist Bloc, India"
1185,Proutist Sarva Samaj
1186,Public Development Party
1187,Public Party
1188,Public Political Party
1189,Puducherry Padaippali Makkal Katchi
1190,Punjab Janata Morcha
1191,Punjab Labour Party
1192,Punjab People’s Party
1193,Punjab Pradesh Vikas Party
1194,Punjab Vikas Congress Party
1195,Punjabi Dal
1196,Puratchi Bharatham
1197,Puratchikara Thozhilalar Katchi
1198,Purvanchal Gan Parishad
1199,Purvanchal Janata Dal
1200,Purvanchal Janshakti Party
1201,Purvanchal Mahapanchayat
1202,Purvanchal Rajya Banao Dal
1203,Purvanchal Vikas Party
1204,Puthiya Needhi Katchi
1205,Puthiya Tamilagam
1206,Pyramid Party of India
1207,Qaumi Ekta Dal
1208,Quami Janta Dal
1209,Quami Party
1210,Rahbar Party
1211,Rajasthan Dev Sena Dal
1212,Rajasthan Jan Satta
1213,Rajasthan Samajik Nyaya Manch
1214,Rajasthan Veer Sena
1215,Rajasthan Vikas Party
1216,Rajdal Haryana
1217,Rajiv Makkal Congress
1218,Rajlok Party
1219,Rajnaitik Vikalp Party
1220,Rajya Nojawan Shakti Party
1221,Rajyadhikara Party
1222,Rakshaka Sena
1223,Ramrajya Marg
1224,Rani Chennamma Party
1225,Rashtra Bhakt Dal
1226,Rashtra Hith Party
1227,Rashtra Nirman Party
1228,Rashtra Sewa Dal
1229,Rashtra Shakti
1230,Rashtra Suraksha Parishad
1231,Rashtra Vikas Zumbes Party
1232,Rashtrasamarpit Jansamooh
1233,Rashtravadi Bahujan Kranti Party
1234,Rashtravadi Communist party
1235,Rashtravadi Janata Party
1236,Rashtravadi Pratap Sena
1237,Rashtravadi Vikas Dal
1238,Rashtrawadi Jantantrik Party
1239,Rashtrawadi Labour Party
1240,Rashtrawadi Parivartan Party (L.B.)
1241,Rashtrawadi Samaj Party
1242,Rashtrawadi Samta Party
1243,Rashtrawadi Sena
1244,Rashtrawadi Swarn Ekta Party
1245,Rashtriya Aadiwasi Bahujan Party
1246,Rashtriya Aam Party
1247,Rashtriya Adarsh Party
1248,Rashtriya Agraniye Dal
1249,Rashtriya Ahinsa Manch
1250,Rashtriya Aikta Manch Party
1251,Rashtriya Aman Sena
1252,Rashtriya Ambedkar Dal
1253,Rashtriya Antyodaya Congress
1254,Rashtriya Apna Dal
1255,Rashtriya Arya Raj Sabha
1256,Rashtriya Awami Dal
1257,Rashtriya Backward Party
1258,Rashtriya Bahujan Congress Party
1259,Rashtriya Bahujan Ekta Party
1260,Rashtriya Bahujan Hitay Party
1261,Rashtriya Balmiki Sena Paksha
1262,Rashtriya Bandhutwa Party
1263,Rashtriya Bhagidari Samaj Party
1264,Rashtriya Bhrasthachar Virodhi Morcha
1265,Rashtriya Bujurg Shakti Party
1266,Rashtriya Congress (Babu Jagjivanram)
1267,Rashtriya Congress (J.) Party
1268,Rashtriya Dehat Morcha Party
1269,Rashtriya Deshaj Party
1270,Rashtriya Deshbhakt Party
1271,Rashtriya Dharmanirpeksha Nava Bharat Party
1272,Rashtriya Ekta Party
1273,Rashtriya Ekta Vikas Party
1274,Rashtriya Garib Dal
1275,Rashtriya Garima Party
1276,Rashtriya Gondvana Party
1277,Rashtriya Gram Vikas Party
1278,Rashtriya Gramin Party
1279,Rashtriya Gurujan Party
1280,Rashtriya Hamara Dal
1281,Rashtriya Hind Sena
1282,Rashtriya Hindu Sangathan
1283,"Rashtriya Hindustan Sena, Karnataka"
1284,Rashtriya Hith Congress
1285,Rashtriya Independent Morcha
1286,Rashtriya Indira Party
1287,Rashtriya Jagriti Party
1288,Rashtriya Jan Kalyan Party
1289,Rashtriya Jan Sahay Dal
1290,Rashtriya Jan Samanatavadi (Ambedkar)
1291,Rashtriya Jan Sangam
1292,Rashtriya Jan Sansad
1293,Rashtriya Jan Sewak Party
1294,Rashtriya Janadhikar Party
1295,Rashtriya Janadhikar Suraksha Party
1296,Rashtriya Janandholan Paksha
1297,Rashtriya Janasachetan Party (R.J.P.)
1298,Rashtriya Janata Janardan Party
1299,Rashtriya Janhit Party
1300,Rashtriya Janhit Sangharsh Party
1301,Rashtriya Jan-Jagram Morcha
1302,Rashtriya Jankranti Morcha
1303,Rashtriya Jankranti Party
1304,Rashtriya Janmat Party
1305,Rashtriya Janmorcha
1306,Rashtriya Janpriya Party
1307,Rashtriya Janrakshak Party
1308,Rashtriya Jansangh
1309,Rashtriya Jansevak Parishad
1310,Rashtriya Janseva-Secular Party
1311,Rashtriya Janshakti Party (Eklavya)
1312,Rashtriya Janshanti Party
1313,Rashtriya Janta Congress
1314,Rashtriya Janta Party
1315,Rashtriya Jantantra Paksh
1316,Rashtriya Jantantrik Bharat Vikas Party
1317,Rashtriya Jantantrik Dal
1318,Rashtriya Jantantrik Party (Secular)
1319,Rashtriya Janutthan Party
1320,Rashtriya Janwadi Party (Krantikari)
1321,Rashtriya Jatigat Aarakshan Virodhi Party
1322,Rashtriya Kalyan Paksha
1323,Rashtriya Kamgar Party
1324,Rashtriya Kamjor Varg Party
1325,Rashtriya Karmyog Party
1326,Rashtriya Kisan Congress Party
1327,Rashtriya Kisan Party
1328,Rashtriya Kisan Vikas Party
1329,Rashtriya Komi Ekta Party
1330,Rashtriya Kranti Party
1331,Rashtriya Krantikari Dal
1332,Rashtriya Krantikari Janata Party
1333,Rashtriya Krantikari Samajwadi Party
1334,Rashtriya Lok Jagriti Party
1335,Rashtriya Lok Nirman Party
1336,Rashtriya Lok Seva Morcha
1337,Rashtriya Lokhit Party
1338,Rashtriya Lokmanch
1339,Rashtriya Lokshahi Party
1340,Rashtriya Lokshakti Party
1341,Rashtriya Lokswaraj Party
1342,Rashtriya Loktantrik Sambhav Secular Party
1343,Rashtriya Lokwadi Party
1344,Rashtriya Machhua Samaj Party
1345,Rashtriya Maha Janshakti Dal
1346,Rashtriya Mahan Dal
1347,Rashtriya Mahan Gantantra Party
1348,Rashtriya Mahasangh
1349,Rashtriya Mahashakti Party
1350,Rashtriya Mahila Janshakti Party
1351,Rashtriya Manav Adhikar Party
1352,Rashtriya Manav Ekta Congress Party
1353,Rashtriya Manav Kalyan Sangh
1354,Rashtriya Manav Samman Party
1355,Rashtriya Mangalam Party
1356,Rashtriya Matrabhoomi Party
1357,Rashtriya Mazdoor Ekta Party
1358,Rashtriya Mazdoor Kisan
,Prajatantrik Party
1359,Rashtriya Morcha Party
1360,Rashtriya Naujawan Dal
1361,Rashtriya Nayay Party
1362,Rashtriya Parivartan Dal
1363,Rashtriya Party
1364,Rashtriya Peace Party
1365,Rashtriya Pragati Party
1366,Rashtriya Pragatisheel Prajatantra Party
1367,Rashtriya Praja Congress (Secular)
1368,Rashtriya Prajantantrik Party
1369,Rashtriya Rajdhani Congress Delhi
1370,Rashtriya Raksha Dal
1371,Rashtriya Rashtrawadi Party
1372,Rashtriya Sadhu Vichar Council
1373,Rashtriya Sahara Party
1374,Rashtriya Sakar Party
1375,Rashtriya Samadhaan Party
1376,Rashtriya Samaj Paksha
1377,Rashtriya Samaj Sevak Dal
1378,Rashtriya Samaj Sudhar Party
1379,Rashtriya Samajwadi Apna Dal
1380,Rashtriya Samajwadi Congress
1381,Rashtriya Samajwadi Jankranti Party
1382,Rashtriya Samajwadi Party (Secular)
1383,Rashtriya Samajwadi Party (United)
1384,Rashtriya Samajwadi Party 'Pragatisheel’
1385,Rashtriya Samanta Dal
1386,Rashtriya Samdarshi Deshbakt Dal
1387,Rashtriya Samyawadi Aryan Party
1388,Rashtriya Sangharsh Party
1389,Rashtriya Sant Sandesh Party
1390,Rashtriya Sarvajan Party
1391,Rashtriya Sarvasamaj Party (India)
1392,Rashtriya Sarvjan Samaj Party
1393,Rashtriya Sarvodaya Party
1394,Rashtriya Sawarn Dal
1395,Rashtriya Sawarn Shakti Party
1396,Rashtriya Secular Congress
1397,Rashtriya Shakti Party (India)
1398,Rashtriya Shoshit Samaj Party
1399,Rashtriya Sindhi Congress
1400,Rashtriya Surajya Parishad
1401,Rashtriya Surya Prakash Party
1402,Rashtriya Swabhimaan Party
1403,Rashtriya Swajan Party
1404,Rashtriya Ulama Council
1405,Rashtriya Unnatisheel Dal
1406,Rashtriya Uttarakhand Party
1407,Rashtriya Vikalp Party
1408,Rashtriya Vikas Manch Party
1409,Rashtriya Vikas Party
1410,Rashtriya Viklang Party
1411,Rashtriya Vyapari Party
1412,Rashtriya Yuva Loktantrik Party
1413,Rashtriya Yuva Sangh
1414,Rashtrotthan Party
1415,Rastriya Insaaf Party
1416,Rastriya Naba Nirman Party
1417,Rastriya Praja Chakravyuha Party
1418,Rayalaseema Congress Party
1419,Rayalaseema Parirakshana Samithi
1420,Rayalaseema Rashtra Samithi
1421,Regional Democratic Secular Congress
1422,Republican Backward Congress
1423,Republican Bahujan Sena
1424,Republican Janata Party
1425,Republican Labour Party
1426,Republican Movement
1427,Republican Paksha (Khoripa)
1428,Republican Party of India
1429,Republican Party of India (Democratic)
1430,Republican Party of India (Kamble)
1431,Republican Party of India (Sivaraj)
1432,Republican Party of India Ektavadi
1433,Republican Party of India(A)
1434,Republican Party of India(Khobragade)
1435,Republican Presidium Party of India
1436,Republican Sena
1437,Revolutionary Communist Party of India
,(Rasik Bhatt)
1438,Revolutionary Democratic Party of India
1439,Revolutionary Socialist Party of India
,(Marxist)
1440,Revolutionary Socialist Party of Kerala
,(Bolshevik) RSP.B
1441,Right Party of India
1442,Sab Samaan Party
1443,Sabjan Party
1444,Sabka Dal Bharatiya Samajwadi Congress
1445,Sachet Bharat Party
1446,Sadan Vikas Party
1447,Sadbhavana Party
1448,Sainik Samaj Party
1449,Sakhthi Baratha Desam
1450,Samagra Vikas Party
1451,Samaikya Rashtra Samithi
1452,Samaikya Telugu Rajyam
1453,Samaikyandhra Parirakshana Samithi
1454,Samaj Parivartan Party
1455,Samajik Ekta Party
1456,Samajik Insaaf Party (Rashtrawadi)
1457,Samajik Jantantrik Party
1458,Samajik Nyaya Party
1459,Samajtantric Party of India
1460,Samajvadi Youva Dal
1461,Samajwadi Jan Parishad
1462,Samajwadi Janata Dal Democratic
1463,Samajwadi Janata Party (Chandra Shekhar)
1464,Samajwadi Janata Party (Karnataka)
1465,Samajwadi Janata Party (Maharashtra)
1466,Samajwadi Kranti Dal
1467,Samajwadi Samaj Party
1468,Samarth Kisan Party
1469,Samata Kranti Dal
1470,Samata Party
1471,Samata Samadhan Party
1472,Samata Samaj Party
1473,Samata Sangharsh Party
1474,Sampoorna Kranti Dal
1475,Sampurna Vikas Dal
1476,Samras Samaj Party
1477,Samruddha Odisha
1478,Samta Samjwadi Congress Party
1479,Samta Vikas Party
1480,Samtawadi Republican Party
1481,Samuga Samatuva Padai
1482,Samyak Parivartan Party
1483,Sanatan Samaj Party
1484,Sanatan Sanskriti Raksha Dal
1485,Sangharsh Sena
1486,Sankhyanupati Bhagidari Party
1487,Sanman Rajkiya Paksha
1488,Sanyukt Dastkar Party
1489,Sanyukt Samajwadi Dal
1490,Sanyukta Samaj Party
1491,Sarb Hind Shiromani Akali Dal
1492,Sardar Vallabhbhai Patel Party
1493,Sarv Jan Sarv Samaj Party
1494,Sarva Jan Samaj Party (Nand Kishore Chawla)
1495,Sarva Janata Party
1496,Sarva Samaj Kalyan Party
1497,Sarva Samaj Vikas Party
1498,Sarva Seva Party
1499,Sarvadharam Party(Madhya Pradesh)
1500,Sarvahara Samaj Party
1501,Sarvajan Kalyan Loktantrik Party
1502,Sarvajan Kalyan Party
1503,Sarvajan Samaj Party (D)
1504,Sarvajanik Kranti Party
1505,Sarve Bhavanti Sukhinah Party
1506,Sarvhara Dal
1507,Sarvjan Samta Party
1508,Sarvochcha Rashtriya Vikas Mahaparishad
1509,Sarvodaya Karnataka Paksha
1510,Sarvodaya Party
1511,Sarvshreshth Dal
1512,Sarwajan Mahasabha
1513,Sathi Aur Aapka Faisala Party
1514,Satya Mave Party
1515,Satya Vijay Party
1516,Satyavadi Paksh
1517,Satyayug Party
1518,Satyug Party
1519,Savarn Samaj Party
1520,Secular Alliance of India
1521,Secular Democratic Labour Party of India
1522,Secular National Dravida Party
1523,Secular Party of India
1524,Sehajdhari Sikh Party
1525,Shakti Dal
1526,Shakti Sena (Bharat Desh)
1527,Shetkari Vichar Dal
1528,Shining India Party
1529,Shiromani Akali Dal (Amritsar) (Simranjit
,Singh Mann)
1530,Shiromani Akali Dal (Republic)
1531,Shiromani Lok Dal Party
1532,Shiromani Youth Akali Dal (Kahlon)
1533,Shivaji Congress Party
1534,Shivrajya Party
1535,Shoshit Samaj Adhikar Party
1536,Shoshit Samaj Dal
1537,Shoshit Samaj Party
1538,Shoshit Sandesh Party
1539,Shramajeevi Party
1540,Shree Bharat Vikas Paksh
1541,Shreshthatam Rashtra Party
1542,Shri Janta Party
1543,Shubha Karnataka
1544,Sikkim Gorkha Prajatantric Party
1545,Sikkim Himali Rajya Parishad Party
1546,Sikkim Jan-Ekta Party
1547,Sikkim Liberation Party
1548,Sikkim National Liberation Front
1549,Sikkim Sangram Parishad
1550,Sikshit Berozgar Sena
1551,Sinh Jan Sena Party
1552,Sirpanch Samaj Party
1553,Smast Bhartiya Party
1554,Social Action Party
1555,"Social Democratic Party of India,"
1556,Social Justice Party
1557,Socialist Janata (Democratic)
1558,Socialist Janata Party
1559,Socialist Party (India)
1560,Socialist Party (Lohia)
1561,Socialist Party Secular
1562,Socialist Republican Party
1563,Socialist Unity Centre of India (Communist)
1564,Socialist Workers Party
1565,Socialistic Democratic Party
1566,Suheldev Bharatiya Samaj Party
1567,Sukhee Samaaj Party
1568,Sunder Samaj Party
1569,Suraaj Party
1570,Suraaj Seva Dal
1571,Sushasan Party
1572,Swabhiman Party
1573,Swabhimani Paksha
1574,Swachh Bharat Party
1575,Swaraj (J)
1576,Swaraj Dal
1577,Swaraj Party – Yes (Subhash Chandra Bosh)
1578,Swarajya Nirman Sena
1579,Swarajya Party of India
1580,Swarashtra Jan Party
1581,Swarn Mahasabha
1582,Swarna Bharat Party
1583,Swarna Yuga Party
1584,Swarnim Bharat Inquilab
1585,Swatantra Adarshwadi Bhartiya Kranti Party
1586,Swatantra Bharat Paksha
1587,Swatantra Rashtravadi Party
1588,Swatantra Samaj Party
1589,Taayi Nadu Party
1590,Tamil Desiyak Katchi
1591,Tamil Maanila Congress (Moopanar)
1592,Tamil Maanila Kamraj Congress
1593,Tamil Maanila Katchi
1594,Tamil Maanila Quaide Milleth League
1595,Tamil Manila Dravida Munnetra Kazhagam
1596,Tamil Nadu Deseeya Grameeya Thozhilalar
,Congress
1597,Tamil Nadu Peasants & Workers Party
1598,Tamil Nadu People’s Party
1599,Tamilaga Makkal Munnetra Kazhagam
1600,Tamilar Kazhagam
1601,"Tamilina Vidiyal Pulikal Iyakkam,"
1602,Tamilnadu Jananayaka Congress
1603,"Tamizhaga Makkal Jananayaga Katchi,"
1604,Tamizhaga Munnetra Munnani
1605,Tamizhaga Rajiv Congress
1606,TamizhagaVaazhvurimai Katchi
1607,Tamizhar Party
1608,Tarai Kranti Dal
1609,Telangana Communist Party of India
1610,Telangana Congress Party
1611,Telangana Karmika Raithu Rajyam Party
1612,Telangana Labour Party
1613,Telangana Loksatta Party
1614,Telangana Minorities OBC Rajyam
1615,Telangana Praja Party
1616,"Telangana Praja Samithi (Kishore, Rao and"
,Kishan)
1617,Telangana Rashtra Punahnirmana Samithi
1618,Telangana Sakalajanula Party
1619,Telangana Yuvajana Shramika Rajyam
,Party
1620,Telugu Bahujana Party
1621,Telugu Congress Party
1622,Thaayaga Makkal Katchi
1623,Thalli Telangana Party
1624,Thamilar Bhoomi
1625,Thamizhaga Munnetra Congress
1626,Thanthai Periyar Dravida Munnetra Kazhagam
1627,Tharasu Makkal Mandram
1628,The Consumer Party of India
1629,The Future India Party
1630,The Great India Revolutioners
1631,The Humanist Party Of India
1632,The Imperial Party of India
1633,The Lok Party of India
1634,The Religion of Man Revolving Political Party
,of India
1635,Thesia Jananayaka Makkal Katchi
1636,Third View Party
1637,Thondar Congress
1638,Thozhilalar Party
1639,Thrinamool Tamil Nadu Congress
1640,Tippu Sultan National Republic Party
1641,Tola Party
1642,Total Vikas Party
1643,Tribal People Party
1644,Trikalinga Congress
1645,Trilinga Praja Pragati Party
1646,Trilok Shakti Congress Bharat
1647,Trinamool Gana Parishad
1648,Tripura Pragatishil Gramin Congress
1649,Ujjawal Rashtra Party
1650,Ulzaipali Makkal Katchy
1651,Union Party of India
1652,United Bodo Nationalist Liberation Front
1653,United Citizen Party
1654,United Communist Party of India
1655,United Democratic Front Secular
1656,United Front (Party)
1657,United Goans Democratic Party
1658,United India Peoples Party
1659,United Indian Democratic Council
1660,"United Minorities Front, Assam"
1661,"United Naga Democratic Party, Nagaland"
1662,United National Loktantrik Party
1663,United National Party
1664,United People’s Front
1665,United People's Democratic Party (Socialist)
1666,United Peoples Party of Assam
1667,United Reservation Movement Council Of
,Assam
1668,United Secular Congress Party of India
1669,United Tribal Nationalists Liberation Front
1670,United Women Front
1671,Upekshit Samaj Party
1672,Urimai Meetppu Kazhagam
1673,Urs Samyuktha Paksha
1674,Utkal Bharat
1675,Utkal Samaj
1676,Uttar Pradesh Jan Manas Party
1677,Uttar Pradesh Republican Party
1678,Uttar Pradesh United Democratic Front
1679,Uttarakhand Kranti Dal
1680,Uttarakhand Kranti Dal (Democratic)
1681,Uttarakhand Parivartan Party
1682,Uttarakhand Pragatisheel Party
1683,Uttarakhand Raksha Morcha
1684,Uttarakhand Sanskriti Parishad
1685,Uttarakhand Sena Party
1686,Uttarkhand Janwadi Party
1687,Uzhaippalar Katchi
1688,Uzhaippalar Podhu Nalakatchi
1689,Vanchit Jamat Party
1690,Vanchitsamaj Insaaf Party
1691,Varthur Congress Party
1692,Vichara Jagruthi Congress Paksha
1693,Vidarbha Janata Congress
1694,Vidarbha Vikas Party
1695,Vidharabha Rajya Mukti Morcha
1696,Vidharbha Rajya Party
1697,Vidhayak Dal
1698,Viduthalai Chiruthaigal Katchi
1699,Viduthalai Makkal Munnetra Kazhagam
1700,Vijaya Bharatha Makkal (People) Party
1701,Vijeta Party
1702,Vikas Parishad
1703,Vikas Party
1704,Vikassheel Samaj Party
1705,Vikaswadi Communism Party
1706,Vishva Shakti Party
1707,Vishwa Hindustani Sangathan
1708,Vishwa Vikas Sangh
1709,Viswa Maya Political Party
1710,Vivasayi Anbhu Katchi
1711,Voluntary Indian People Party Haryana
1712,Voters Party
1713,Vyabasayi Kisan Alpasankhyak Morcha
1714,War Veterans Party
1715,Watan Janta Party
1716,Welfare Party of India
1717,West Bengal Pragatishil Indira Congress
1718,West Bengal Socialist Party
1719,Womanist Party of India
1720,Yekikrutha Sankshema Rashtriya Praja Party
1721,Young India Tangress Party
1722,Youth and Students Party
1723,Youth Brigade
1724,Youth Democratic Front
1725,Youth For Equality
1726,YSR Bahujana Party
1727,Yuva Gantantra Party
1728,Yuva Jagriti Dal
1729,Yuva Jan Jagriti Party
1730,Yuva Jankranti Party
1731,Yuva Janta Party
1732,Yuva Kranti Dal
1733,Yuva Party
1734,Yuva Sarkar
1735,Yuva Shakti Sanghathana
1736,Yuva Telangana Party
1737,Yuva Vikas Party
